threshold,median,mean,min,max,description
0.4670838548185231,0.4907184408462707,0.5015503348442631,0.4826054774241303,0.5626822157434402,"MLPRegressor, hidden layers: (100,), solver: lbfgs"
0.35143929912390487,0.49094942654263296,0.5070748143485472,0.47333772218564846,0.5820287018917155,"MLPRegressor, hidden layers: (60, 60), solver: lbfgs"
0.11564455569461826,0.4903525046382189,0.49107714145464876,0.48755490483162517,0.49604031677465804,"MLPRegressor, hidden layers: (10, 8, 6, 4), solver: lbfgs"
0.0,0.4903525046382189,0.49107714145464876,0.48755490483162517,0.49604031677465804,"MLPRegressor, hidden layers: (100,), solver: sgd"
0.0,0.4903525046382189,0.49107714145464876,0.48755490483162517,0.49604031677465804,"MLPRegressor, hidden layers: (60, 60), solver: sgd"
0.0,0.03647214854111406,0.03374003375282251,0.015471167369901548,0.04632152588555858,"MLPRegressor, hidden layers: (10, 8, 6, 4), solver: sgd"
0.33191489361702126,0.4894155030433226,0.4961625949399483,0.4856722997795738,0.5434782608695652,"MLPRegressor, hidden layers: (100,), solver: adam"
0.5992490613266583,0.46967076327808693,0.4711730014265782,0.4517272652320884,0.48966180795611786,"MLPRegressor, hidden layers: (60, 60), solver: adam"
0.03304130162703379,0.4903525046382189,0.49107714145464876,0.48755490483162517,0.49604031677465804,"MLPRegressor, hidden layers: (10, 8, 6, 4), solver: adam"
